Round,Rank,Value,Name,Inj,Team,Pos,g,m/g,p/g,3/g,r/g,a/g,s/g,b/g,fg%,fga/g,ft%,fta/g,to/g,pV,3V,rV,aV,sV,bV,fg%V,ft%V,toV
1,1,0.906218469,Nikola Jokic,,DEN,PF/C,72,34.55648148,26.36111111,1.277777778,10.83333333,8.319444444,1.319444444,0.680555556,0.56612529,17.95833333,0.868020305,5.472222222,3.083333333,1.670683299,-0.43807166,2.000100157,2.071605816,0.927847296,0.005507318,2.284902958,1.060361236,-1.426970202
1,2,0.750482347,Stephen Curry,,GSW,PG/SG,63,34.15529101,31.98412698,5.349206349,5.492063492,5.761904762,1.206349206,0.126984127,0.482051282,21.66666667,0.916455696,6.26984127,3.380952381,2.600941947,3.43207647,-0.149628517,0.944827845,0.603175423,-1.06452606,0.032792473,2.118205884,-1.763524344
1,3,0.677910181,Kyrie Irving,Injured,BKN,PG/SG,54,34.92993827,26.87037037,2.814814815,4.759259259,6,1.407407407,0.685185185,0.505524862,20.11111111,0.922018349,4.037037037,2.388888889,1.754933965,1.022978414,-0.444564051,1.049725717,1.180369864,0.014456224,0.736783467,1.428185236,-0.641677203
1,4,0.62245696,Kawhi Leonard,Injured - torn acl (0g) - 4/10/2022,LAC,SG/SF,52,34.08814103,24.84615385,1.942307692,6.480769231,5.173076923,1.557692308,0.403846154,0.512114537,17.46153846,0.884745763,5.673076923,2.019230769,1.420052298,0.193605689,0.248301028,0.685407339,1.611805183,-0.529361862,0.814510866,1.381451797,-0.223659699
1,5,0.616131607,Jimmy Butler,,MIA,SF/PF,52,33.55128205,21.46153846,0.480769231,6.923076923,7.096153846,2.076923077,0.346153846,0.49660787,14.17307692,0.862980769,8,2.096153846,0.860109413,-1.195678255,0.426318907,1.53265938,3.102403984,-0.640878988,0.33738203,1.43351399,-0.310646001
1,6,0.610631972,Joel Embiid,,PHI,PF/C,51,31.08300654,28.45098039,1.137254902,10.54901961,2.843137255,1,1.352941176,0.512791991,17.62745098,0.859489051,10.74509804,3.117647059,2.016426405,-0.571647464,1.885670932,-0.341096652,0.010791655,1.305204197,0.839857285,1.816254309,-1.465772914
1,7,0.608917072,James Harden,,BKN,PG/SG,44,36.56363636,24.61363636,2.75,7.931818182,10.79545455,1.204545455,0.75,0.465940054,16.68181818,0.860681115,7.340909091,4.022727273,1.381585147,0.961367868,0.832312252,3.162464214,0.597997244,0.139740896,-0.370651899,1.264695386,-2.489257458
1,8,0.595631924,Kevin Durant,Playing - left knee,BKN,SF/PF,35,33.04809524,26.94285714,2.428571429,7.057142857,5.542857143,0.714285714,1.285714286,0.537313433,17.22857143,0.882352941,6.8,3.428571429,1.766926007,0.655829858,0.480277121,0.848321803,-0.809432024,1.17525707,1.452010882,1.608869605,-1.817373006
1,9,0.548112234,Khyri Thomas,,HOU,SG,5,30.58666667,16.4,1.8,3.6,5,1.8,1.2,0.484848485,13.2,1,1.8,1.2,0.02274028,0.058333305,-0.911137158,0.609154656,2.307417956,1.009574482,0.084089901,1.050092276,0.70274441
1,10,0.530446412,Damian Lillard,Injured - abdominal surgery (0g) - 3/23/2022,POR,PG,67,35.78855721,28.74626866,4.104477612,4.223880597,7.537313433,0.925373134,0.253731343,0.451274363,19.91044776,0.927385892,7.194029851,3.029850746,2.065278207,2.248883762,-0.660040687,1.727021527,-0.203445873,-0.819528315,-0.882724699,2.665064704,-1.36649092
1,11,0.480300797,Nikola Vucevic,,CHI,C,70,33.54714286,23.41428571,2.514285714,11.68571429,3.842857143,0.928571429,0.685714286,0.476735863,19.95714286,0.83974359,2.228571429,1.8,1.18316737,0.737306661,2.343162355,0.099350999,-0.194264264,0.015478956,-0.126329466,0.240583307,0.02425126
1,12,0.464060045,Karl-Anthony Towns,,MIN,C,50,33.78033333,24.78,2.44,10.58,4.5,0.76,1.14,0.485714286,17.5,0.8585209,6.22,3.2,1.40910796,0.666693432,1.898139771,0.388869125,-0.678196235,0.89359667,0.126601474,1.030627632,-1.558899425
2,13,0.364968761,Myles Turner,Injured - left foot (0g) - 3/13/2022,IND,PF/C,47,30.97234043,12.59574468,1.468085106,6.531914894,1.021276596,0.85106383,3.382978723,0.476851852,9.191489362,0.781690141,3.021276596,1.425531915,-0.606626859,-0.257172612,0.268885889,-1.143755736,-0.416771752,5.229192726,-0.044173673,-0.192567115,0.447707978
2,14,0.36089569,Bradley Beal,Out for season - left wrist surgery (0g) - 7/10/2022,WAS,SG/SF,60,35.78583333,31.3,2.166666667,4.716666667,4.416666667,1.15,0.366666667,0.484804631,23.03333333,0.888888889,7.65,3.116666667,2.487761572,0.406872961,-0.461706513,0.35215487,0.441409087,-0.601228454,0.128076777,1.959385172,-1.464664265
2,15,0.359916792,Jayson Tatum,,BOS,SF/PF,64,35.77578125,26.4375,2.921875,7.375,4.3125,1.171875,0.484375,0.459028832,20.59375,0.867647059,5.3125,2.671875,1.683320899,1.124745832,0.60820674,0.306262051,0.504207462,-0.373702539,-0.675427601,1.023322388,-0.9616841
2,16,0.355215105,Fred VanVleet,Questionable - right knee,TOR,PG/SG,52,36.51089744,19.59615385,3.346153846,4.230769231,6.307692308,1.673076923,0.711538462,0.388505747,16.73076923,0.884816754,3.673076923,1.826923077,0.551504527,1.528049477,-0.657268183,1.185286043,1.943049361,0.065396146,-2.305705657,0.892818174,-0.006193946
2,17,0.354185693,Giannis Antetokounmpo,,MIL,PF/C,61,32.99699454,28.14754098,1.098360656,10.98360656,5.852459016,1.163934426,1.213114754,0.569090909,18.03278689,0.685025818,9.524590164,3.393442623,1.966226096,-0.608618884,2.060581403,0.984723429,0.481411799,1.034924823,2.374109863,-3.328038706,-1.777648583
2,18,0.319118081,Chris Paul,Injured - right hand (0g) - 4/10/2022,PHO,PG,70,31.42071429,16.41428571,1.457142857,4.442857143,8.885714286,1.442857143,0.257142857,0.499431172,12.55714286,0.933701657,2.585714286,2.228571429,0.025103675,-0.267573906,-0.571908057,2.321087921,1.282138358,-0.812933983,0.354461691,1.002073739,-0.460386705
2,19,0.299911019,Bam Adebayo,,MIA,PF/C,64,33.478125,18.703125,0.03125,8.953125,5.40625,1.171875,1.03125,0.570713392,12.484375,0.799435028,5.53125,2.640625,0.403763915,-1.622974468,1.243362922,0.788136649,0.504207462,0.683386887,1.68095177,-0.055290055,-0.926345915
2,20,0.296177542,Jrue Holiday,,MIL,PG/SG,59,32.32090395,17.72881356,1.881355932,4.542372881,6.050847458,1.644067797,0.627118644,0.502427184,13.96610169,0.786764706,2.305084746,2.13559322,0.2425761,0.135667219,-0.53185544,1.072127635,1.859770457,-0.097784282,0.454110983,-0.113769888,-0.355244909
2,21,0.265351082,Rudy Gobert,,UTA,C,71,30.79859155,14.29577465,0,13.56338028,1.253521127,0.549295775,2.676056338,0.675302245,8.154929577,0.622994652,5.267605634,1.676056338,-0.325377861,-1.652679552,3.098876361,-1.041435517,-1.283082317,3.862737541,2.379179256,-2.814467645,0.164409469
2,22,0.26142438,Kristaps Porzingis,Questionable - right knee knee bone bruise,DAL,PF/C,43,30.85232558,20.11627907,2.255813953,8.860465116,1.581395349,0.465116279,1.372093023,0.475841874,15.88372093,0.855072464,3.209302326,1.186046512,0.637552833,0.491613047,1.206069617,-0.896983623,-1.524743372,1.342224018,-0.117042881,0.495606462,0.718523321
2,23,0.254251899,Clint Capela,,ATL,C,63,30.13439153,15.20634921,0,14.31746032,0.777777778,0.698412698,2.047619048,0.594827586,11.04761905,0.572687225,3.603174603,1.158730159,-0.174734527,-1.652679552,3.402374878,-1.251034269,-0.855000006,2.647991182,1.887822425,-2.465886295,0.749413251
2,24,0.253523468,Paul George,Injured - torn ucl (0g) - 3/29/2022,LAC,SF/PF,54,33.72160494,23.31481481,3.166666667,6.648148148,5.185185185,1.148148148,0.444444444,0.466946485,17.64814815,0.868421053,4.222222222,3.314814815,1.166711136,1.357435659,0.315666892,0.690741889,0.436092822,-0.450886847,-0.366942622,0.821626818,-1.688734534
3,25,0.253312279,Zach LaVine,,CHI,SG/SF,58,35.06206897,27.43103448,3.448275862,5,4.862068966,0.810344828,0.465517241,0.50667854,19.36206897,0.848993289,5.137931034,3.5,1.847688929,1.625122856,-0.347671872,0.548386233,-0.533667166,-0.410153899,0.743543403,0.704708025,-1.898146001
3,26,0.250426319,Domantas Sabonis,,IND,PF/C,62,35.99166667,20.32258065,0.838709677,11.96774194,6.693548387,1.225806452,0.532258065,0.53539823,14.58064516,0.731707317,5.290322581,3.435483871,0.671682885,-0.855433418,2.456671491,1.355283065,0.65903295,-0.281146322,1.190698939,-1.117762969,-1.825189748
3,27,0.242355186,Michael Porter Jr.,Injured - back surgery (0g) - 3/20/2022,DEN,SF/PF,61,31.34918033,19.04918033,2.786885246,7.295081967,1.147540984,0.672131148,0.885245902,0.542227662,13.39344262,0.791044776,2.196721311,1.278688525,0.461014502,0.996429607,0.576041713,-1.088127301,-0.930448632,0.401166291,1.232163129,-0.080804334,0.613761702
3,28,0.234653078,Tobias Harris,,PHI,SF/PF,62,32.49112903,19.51612903,1.322580645,6.758064516,3.548387097,0.887096774,0.822580645,0.511904762,14.90322581,0.892156863,3.290322581,1.725806452,0.538265408,-0.395483725,0.359905505,-0.030383981,-0.313328992,0.280036636,0.693881571,0.87083433,0.10815095
3,29,0.227371837,Anthony Davis,Injured - ankle (0g) - 4/1/2022,LAL,PF/C,36,32.2712963,21.80555556,0.722222222,7.944444444,3.055555556,1.277777778,1.638888889,0.491027732,17.02777778,0.737089202,5.916666667,2.055555556,0.917022799,-0.966162048,0.837394009,-0.247511296,0.808231343,1.857930695,0.258863882,-1.154686289,-0.264736564
3,30,0.217511599,C.J. McCollum,,POR,PG/SG,47,34.03368794,23.12765957,3.595744681,3.936170213,4.744680851,0.936170213,0.446808511,0.458144796,18.80851064,0.812030075,2.829787234,1.361702128,1.135748609,1.765301214,-0.775836983,0.496668427,-0.172449805,-0.446317193,-0.639700747,0.074302767,0.5198881
3,31,0.205720725,Jonas Valanciunas,,MEM,C,62,28.31182796,17.06451613,0.338709677,12.51612903,1.806451613,0.548387097,0.935483871,0.592991914,11.96774194,0.773399015,3.274193548,1.612903226,0.13267628,-1.330714767,2.6773837,-0.797830346,-1.285690934,0.498274453,2.010342474,-0.288778725,0.235824393
3,32,0.197006705,Jamal Murray,Injured - torn acl (0g) - 4/1/2022,DEN,PG/SG,48,35.49375,21.20833333,2.6875,4.041666667,4.8125,1.333333333,0.270833333,0.477272727,16.5,0.869281046,3.1875,2.229166667,0.818219746,0.9019577,-0.733377276,0.526547582,0.967719281,-0.786470792,-0.087234972,0.626758886,-0.461059813
3,33,0.179631788,Richaun Holmes,Questionable - back soreness,SAC,PF/C,61,29.20546448,14.24590164,0.032786885,8.262295082,1.655737705,0.639344262,1.557377049,0.636521739,9.426229508,0.794117647,2.786885246,1.229508197,-0.333628735,-1.621513562,0.96532101,-0.864230532,-1.024572661,1.700371282,2.200811898,-0.075248504,0.669375895
3,34,0.163121132,LeBron James,Questionable - left knee soreness,LAL,PG/SG/SF,45,33.41481481,25.02222222,2.311111111,7.666666667,7.755555556,1.066666667,0.555555556,0.513381995,18.26666667,0.698039216,5.666666667,3.733333333,1.44918064,0.544176462,0.725595341,1.82317269,0.20217718,-0.236113122,0.885565767,-1.763660323,-2.162004448
3,35,0.154960348,O.G. Anunoby,Questionable - right finger fracture,TOR,SF/PF,43,33.33062016,15.86046512,2.418604651,5.511627907,2.186046512,1.534883721,0.720930233,0.480694981,12.04651163,0.784313725,2.372093023,1.744186047,-0.066519115,0.646355811,-0.141754325,-0.630591818,1.546326682,0.083550096,0.004063564,-0.13415467,0.087366901
3,36,0.154500487,Jaylen Brown,Out - ankle (0g) - 3/6/2022,BOS,SG/SF,58,34.46091954,24.65517241,2.810344828,5.982758621,3.362068966,1.24137931,0.551724138,0.484684685,19.13793103,0.764,4.310344828,2.724137931,1.388456775,1.018729411,0.047864106,-0.112470358,0.703739246,-0.243519112,0.106882771,-0.498394284,-1.020784168
4,37,0.146666847,Luka Doncic,,DAL,PG/SG,66,34.27929293,27.72727273,2.909090909,7.96969697,8.590909091,0.954545455,0.545454545,0.478904515,20.46969697,0.730360934,7.136363636,4.257575758,1.896697894,1.112593752,0.847557525,2.191205284,-0.119698475,-0.255638006,-0.063899906,-1.533987173,-2.754829272
4,38,0.135794972,Terry Rozier,,CHA,PG/SG,69,34.54057971,20.39130435,3.217391304,4.391304348,4.246376812,1.246376812,0.376811594,0.450132392,16.42028986,0.816831683,2.927536232,1.869565217,0.683052374,1.405652608,-0.592656779,0.277130088,0.718085987,-0.581618679,-0.751945468,0.118869231,-0.054414613
4,39,0.129845683,Julius Randle,,NYK,PF/C,71,37.56220657,24.11267606,2.253521127,10.18309859,6.014084507,0.901408451,0.253521127,0.455370651,18.61971831,0.811188811,6.042253521,3.38028169,1.298707441,0.489433571,1.738396796,1.055930943,-0.272243276,-0.819934656,-0.71015438,0.151240623,-1.762765912
4,40,0.129519799,Chris Boucher,,TOR,PF/C,60,24.21194444,13.63333333,1.5,6.733333333,1.066666667,0.583333333,1.85,0.514285714,9.333333333,0.787564767,3.216666667,0.766666667,-0.434970609,-0.226835505,0.349951817,-1.123758184,-1.185367877,2.266000772,0.476327192,-0.148436652,1.192767241
4,41,0.128690675,Khris Middleton,,MIL,SF/PF,68,33.3627451,20.36764706,2.220588235,5.970588235,5.441176471,1.088235294,0.132352941,0.475791434,15.79411765,0.898305085,3.470588235,2.617647059,0.679138567,0.458128793,0.042965827,0.803524241,0.264096027,-1.054148338,-0.117441967,0.982314881,-0.900361956
4,42,0.125023175,Mikal Bridges,,PHO,SG/SF,72,32.60763889,13.47222222,1.861111111,4.277777778,2.111111111,1.055555556,0.875,0.543413174,9.277777778,0.839694656,1.819444444,0.805555556,-0.461624456,0.116423248,-0.638348408,-0.663606187,0.170279593,0.381361337,0.877024324,0.194908292,1.148790833
4,43,0.119778818,DeMar DeRozan,,SAS,SG/SF/PF,61,33.71229508,21.57377049,0.31147541,4.245901639,6.918032787,0.918032787,0.245901639,0.494565217,15.08196721,0.879545455,7.213114754,1.950819672,0.878676818,-1.356602646,-0.651177764,1.454184395,-0.224518417,-0.834662847,0.311554298,1.646854453,-0.146298931
4,44,0.119504381,Deandre Ayton,,PHO,C,69,30.64710145,14.44927536,0.057971014,10.52173913,1.434782609,0.579710145,1.173913043,0.625909753,9.956521739,0.768786127,2.507246377,1.47826087,-0.29998306,-1.597574468,1.874691216,-0.961576953,-1.195769264,0.959149346,2.16560748,-0.257085785,0.38808092
4,45,0.108520197,Gordon Hayward,Injured - ankle (0g) - 3/14/2022,CHA,SG/SF,44,34.00416667,19.61363636,1.931818182,5.818181818,4.113636364,1.227272727,0.318181818,0.472644377,14.95454545,0.843243243,4.204545455,2.045454545,0.554396794,0.183634751,-0.018373977,0.218648488,0.663242309,-0.694947898,-0.180228008,0.503623434,-0.25331412
4,46,0.104803623,Donovan Mitchell,,UTA,PG/SG,53,33.42389937,26.43396226,3.358490566,4.433962264,5.226415094,1,0.283018868,0.437728938,20.60377358,0.844936709,5.962264151,2.773584906,1.682735624,1.539776303,-0.575488025,0.708906594,0.010791655,-0.762916598,-1.330869024,0.746995971,-1.076699891
4,47,0.104201743,John Collins,Doubtful - right foot strain (0g) - 3/4/2022,ATL,PF/C,63,29.33597884,17.63492063,1.317460317,7.396825397,1.238095238,0.53968254,1,0.556420233,12.23809524,0.833333333,3.238095238,1.333333333,0.227042673,-0.400350918,0.616990921,-1.048231717,-1.310679828,0.622981777,1.387133926,0.290960695,0.551968154
4,48,0.103987154,Lonzo Ball,Injured - left knee (0g) - 3/22/2022,NOR,PG/SG,55,31.76848485,14.58181818,3.127272727,4.781818182,5.745454545,1.490909091,0.563636364,0.414285714,12.72727273,0.78125,1.163636364,2.236363636,-0.278055485,1.31998925,-0.435484644,0.937580356,1.420085067,-0.220493215,-1.258685249,-0.079853389,-0.469198305
5,49,0.10349885,Pascal Siakam,,TOR,PF/C,56,35.82380952,21.35714286,1.303571429,7.232142857,4.464285714,1.142857143,0.678571429,0.454734651,17.16071429,0.827242525,5.375,2.321428571,0.842838447,-0.413553178,0.550710282,0.373134444,0.420903495,0.001672073,-0.668996439,0.390172124,-0.565391598
5,50,0.103022215,Bogdan Bogdanovic,,ATL,SG/SF/PF,44,29.66893939,16.36363636,3.318181818,3.636363636,3.340909091,1.113636364,0.295454545,0.472566372,12.84090909,0.909090909,1,1.227272727,0.016724365,1.501460311,-0.896501696,-0.121792787,0.337016982,-0.738878887,-0.152996815,0.310264651,0.671903812
5,51,0.101809717,Brandon Ingram,,NOR,SF/PF,61,34.30382514,23.7704918,2.344262295,4.901639344,4.852459016,0.68852459,0.590163934,0.465940054,18.04918033,0.878125,5.245901639,2.508196721,1.242097275,0.575688741,-0.387259597,0.544152368,-0.883386618,-0.169216388,-0.40292001,1.173724793,-0.776593115
5,52,0.091218296,Malcolm Brogdon,,IND,PG/SG,56,34.45863095,21.17857143,2.589285714,5.25,5.857142857,0.875,0.267857143,0.453524004,17.48214286,0.86440678,3.160714286,2.053571429,0.813296006,0.808598863,-0.24705307,0.986786994,-0.348056204,-0.792223659,-0.71355165,0.575660251,-0.26249287
5,53,0.091028945,Robert Covington,,POR,PF/C,70,32.03928571,8.471428571,1.928571429,6.657142857,1.671428571,1.442857143,1.2,0.400785855,7.271428571,0.806451613,0.885714286,0.914285714,-1.288944109,0.180548509,0.319287039,-0.85731759,1.282138358,1.009574482,-0.855784916,0.003922349,1.025836387
5,54,0.084538034,Kyle Lowry,Doubtful - personal reasons (0g) - 3/5/2022,TOR,PG,46,34.81449275,17.19565217,2.847826087,5.347826087,7.347826087,1.02173913,0.260869565,0.436241611,12.95652174,0.875,3.47826087,2.739130435,0.154371122,1.054357698,-0.207680496,1.643538886,0.073199979,-0.805730392,-0.85712885,0.743652379,-1.03773802
5,55,0.083702679,Shai Gilgeous-Alexander,,OKC,PG/SG/SF,35,33.70428571,23.65714286,2.028571429,4.771428571,5.914285714,0.771428571,0.657142857,0.507092199,16.11428571,0.807860262,6.542857143,3.028571429,1.22334509,0.275604779,-0.439666204,1.011962483,-0.645387288,-0.039748574,0.632633367,0.099624694,-1.365044239
5,56,0.076377283,Draymond Green,Injured - disc injury - recovery (0g) - 3/16/2022,GSW,PF/C,63,31.45740741,7.047619048,0.53968254,7.126984127,8.873015873,1.650793651,0.825396825,0.447368421,6.031746032,0.795454545,1.396825397,2.984126984,-1.52449584,-1.139677461,0.508386501,2.315493368,1.879078924,0.28548021,-0.286538814,-0.035545854,-1.314785487
5,57,0.07483153,Mike Conley,,UTA,PG,51,29.36503268,16.21568627,2.705882353,3.450980392,5.980392157,1.37254902,0.176470588,0.44375,12.54901961,0.852112676,2.784313725,1.941176471,-0.007752154,0.919431279,-0.971113856,1.041087068,1.080299001,-0.968870536,-0.688796482,0.404593639,-0.135394188
5,58,0.073598061,Trae Young,Questionable - ankle,ATL,PG,63,33.72513228,25.3015873,2.158730159,3.888888889,9.428571429,0.841269841,0.174603175,0.43794964,17.65079365,0.886446886,8.666666667,4.126984127,1.495398148,0.399328813,-0.794866544,2.560255068,-0.444888166,-0.972480178,-1.131011605,2.157800407,-2.607153393
5,59,0.06914441,Caris LeVert,Questionable - right foot sprain,IND,SG/SF,47,31.6035461,20.17021277,1.787234043,4.553191489,5.191489362,1.404255319,0.638297872,0.441031941,17.31914894,0.811111111,3.829787234,2.170212766,0.646475498,0.046198462,-0.527501218,0.693519327,1.171320903,-0.076175242,-1.02964155,0.092496961,-0.39439345
5,60,0.063804828,Al Horford,,OKC,PF/C,28,27.92083333,14.21428571,2,6.678571429,3.357142857,0.892857143,0.892857143,0.45,12.85714286,0.818181818,0.785714286,1.035714286,-0.3388592,0.248445845,0.327911508,-0.114640659,-0.296792224,0.415878543,-0.58632172,0.030099064,0.888522297
6,61,0.038994072,Kemba Walker,Out for season,BOS,PG,43,31.84418605,19.27906977,2.953488372,3.953488372,4.930232558,1.11627907,0.279069767,0.420118343,15.72093023,0.899328859,3.465116279,2.046511628,0.499046876,1.154796325,-0.768866853,0.57841714,0.344603618,-0.770550065,-1.423286652,0.991295752,-0.254509492
6,62,0.03642618,Jaren Jackson Jr.,,MEM,PF/C,11,23.49545455,14.36363636,1.545454545,5.636363636,1.090909091,1.090909091,1.636363636,0.424,11.36363636,0.833333333,3.818181818,1.363636364,-0.314150977,-0.183628109,-0.091551287,-1.113077674,0.271771917,1.853049474,-0.956576727,0.344298176,0.517700824
6,63,0.02919639,Kelly Olynyk,,HOU,PF/C,70,28.52904762,13.5,1.8,6.971428571,2.9,1.142857143,0.6,0.483500717,9.957142857,0.828571429,2.5,1.8,-0.457028965,0.058333305,0.445779246,-0.316044573,0.420903495,-0.150203632,0.049054115,0.187723262,0.02425126
6,64,0.026704466,Christian Wood,,HOU,PF/C,41,32.3402439,20.97560976,1.87804878,9.634146341,1.731707317,0.829268293,1.170731707,0.5140625,15.6097561,0.631313131,4.829268293,1.951219512,0.7797185,0.132523564,1.517457126,-0.830760519,-0.479342007,0.95299994,0.775963879,-2.46146921,-0.146751079
6,65,0.026200338,Tyrese Haliburton,,SAC,PG/SG,58,30.09770115,12.98275862,2.086206897,2.982758621,5.327586207,1.327586207,0.482758621,0.471728595,10.67241379,0.857142857,0.965517241,1.586206897,-0.542600174,0.330390905,-1.159561509,0.753479658,0.951220529,-0.376826942,-0.136619067,0.150306453,0.266013187
6,66,0.020982439,Kyle Anderson,,MEM,SF/PF,69,27.352657,12.37681159,1.362318841,5.739130435,3.623188406,1.217391304,0.826086957,0.468085106,9.536231884,0.782608696,2.666666667,1.246376812,-0.642846638,-0.357710079,-0.050190199,0.002571311,0.634874889,0.286814208,-0.171489536,-0.1634825,0.650300495
6,67,0.020560451,Dejounte Murray,,SAS,PG/SG,67,31.93159204,15.68656716,0.940298507,7.059701493,5.417910448,1.507462687,0.104477612,0.452772074,14.53731343,0.791044776,2,1.746268657,-0.095288387,-0.758866866,0.481306908,0.793273905,1.467606846,-1.108030333,-0.605795111,-0.074174743,0.08501184
6,68,0.020482076,Zion Williamson,Injured - right foot (0g) - 4/1/2022,NOR,PF,61,33.21174863,27,0.163934426,7.229508197,3.704918033,0.93442623,0.639344262,0.611378978,17,0.697542533,8.672131148,2.737704918,1.776379588,-1.496849602,0.549649897,0.038579019,-0.177456402,-0.074152608,3.312583522,-2.708268716,-1.036126014
6,69,0.020406193,Robert Williams,,BOS,C,52,18.94839744,8.019230769,0,6.884615385,1.807692308,0.826923077,1.769230769,0.720930233,4.961538462,0.616438356,1.403846154,0.980769231,-1.36375466,-1.652679552,0.410839091,-0.797283731,-0.486074612,2.109876795,1.794463953,-0.782386917,0.950655369
6,70,-0.00107043,T.J. McConnell,Injured - right wrist (0g) - 3/28/2022,IND,PG/SG,69,26.03164251,8.637681159,0.217391304,3.710144928,6.608695652,1.855072464,0.333333333,0.559183673,7.101449275,0.6875,0.695652174,1.956521739,-1.261439668,-1.446035488,-0.866806556,1.317899406,2.465519042,-0.665660572,0.843873721,-0.244236806,-0.152746954
6,71,-0.003745195,Nerlens Noel,Questionable - plantar fasciitis,NYK,PF/C,64,24.16744792,5.0625,0,6.390625,0.71875,1.09375,2.203125,0.608888889,3.515625,0.714285714,1.09375,1.015625,-1.852909311,-1.652679552,0.21202021,-1.277040199,0.27992755,2.948578516,0.690238047,-0.293081713,0.911239701
6,72,-0.007303713,De'Aaron Fox,,SAC,PG,58,35.10603448,25.18965517,1.775862069,3.5,7.189655172,1.5,0.465517241,0.476576577,19.13793103,0.71942446,7.189655172,3,1.476880357,0.035388688,-0.951384679,1.573853358,1.446183094,-0.410153899,-0.124749402,-1.779015894,-1.332735042
7,73,-0.020014983,LaMelo Ball,,CHA,PG/SG,51,28.79607843,15.80392157,1.823529412,5.941176471,6.137254902,1.607843137,0.352941176,0.436849926,13.19607843,0.757575758,3.235294118,2.843137255,-0.075873547,0.080699486,0.031128321,1.110196254,1.755777325,-0.627759326,-0.861419362,-0.437532783,-1.155351211
7,74,-0.023810607,Norman Powell,Injured - left foot (0g) - 3/25/2022,POR,SG/SF,69,31.96304348,18.5942029,2.47826087,3.101449275,1.869565217,1.188405797,0.260869565,0.477124183,13.30434783,0.870848708,3.927536232,1.724637681,0.385744096,0.703062787,-1.111791463,-0.770024318,0.551663791,-0.805730392,-0.068831505,0.79213892,0.109472621
7,75,-0.04276883,Devin Booker,Injured - health and safety protocols (0g) - 3/8/2022,PHO,SG/SF,67,33.88258706,25.55223881,1.880597015,4.179104478,4.313432836,0.776119403,0.23880597,0.484071484,19.20895522,0.867346939,5.850746269,3.074626866,1.536865349,0.134945821,-0.678061965,0.306673032,-0.631920929,-0.848378517,0.089611096,1.122471384,-1.417124737
7,76,-0.048626975,Larry Nance Jr.,Injured - right knee soreness (0g) - 4/1/2022,CLE,PF/C,35,31.1847619,9.342857143,1.171428571,6.714285714,3.057142857,1.742857143,0.485714286,0.470588235,7.771428571,0.612244898,1.4,1.571428571,-1.144776996,-0.539163248,0.342285622,-0.246811977,2.143373221,-0.371113749,-0.106455083,-0.797705409,0.282724841
7,77,-0.051220259,Russell Westbrook,,WAS,PG,65,36.44487179,22.23076923,1.323076923,11.53846154,11.73846154,1.353846154,0.353846154,0.439418417,19.04615385,0.656174334,6.353846154,4.8,0.987369159,-0.395011982,2.283896775,3.577925805,1.026607135,-0.626010038,-1.180483237,-2.767061458,-3.368214494
7,78,-0.052222275,Delon Wright,,SAC,PG/SG/SF,63,27.7457672,10.23809524,1.015873016,4.301587302,4.412698413,1.555555556,0.444444444,0.463320463,8.222222222,0.801587302,2,1.333333333,-0.996670891,-0.687028557,-0.628765666,0.350406572,1.605671031,-0.450886847,-0.203167486,-0.011526785,0.551968154
7,79,-0.052798326,Mitchell Robinson,,NYK,C,31,27.50215054,8.258064516,0,8.064516129,0.548387097,1.161290323,1.451612903,0.653409091,5.677419355,0.490566038,1.709677419,0.838709677,-1.324242561,-1.652679552,0.885719885,-1.352097164,0.473821151,1.495933046,1.477822857,-1.590762023,1.111299426
7,80,-0.053079571,Buddy Hield,,SAC,SG/SF,71,34.26643192,16.56338028,3.971830986,4.704225352,3.61971831,0.887323944,0.422535211,0.40625,13.97183099,0.846153846,1.464788732,1.830985915,0.049769533,2.122794827,-0.466713834,0.001042487,-0.312676838,-0.493236595,-1.551614341,0.183706917,-0.010788293
7,81,-0.062862479,Jerami Grant,,DET,SF/PF,54,33.87561728,22.31481481,2.12962963,4.611111111,2.814814815,0.611111111,1.055555556,0.429184549,17.25925926,0.84548105,6.351851852,1.981481481,1.001273465,0.371666935,-0.504190007,-0.3535747,-1.105623908,0.73036864,-1.331232885,0.806522129,-0.180971977
7,82,-0.070069221,Harrison Barnes,,SAC,SF/PF,58,36.24770115,16.0862069,1.724137931,6.637931034,3.465517241,0.74137931,0.189655172,0.496884735,11.06896552,0.829787234,4.051724138,1.603448276,-0.02917292,-0.013778348,0.311554757,-0.066894041,-0.731652192,-0.943385216,0.27310661,0.323082105,0.246516257
7,83,-0.074747735,Evan Fournier,,BOS,SG/SF,42,29.97619048,17.11904762,2.785714286,3.047619048,3.428571429,1.119047619,0.452380952,0.456561922,12.88095238,0.788321168,3.261904762,1.738095238,0.141697843,0.995316536,-1.133456795,-0.083171297,0.352551522,-0.435545866,-0.461278001,-0.143098075,0.094254521
7,84,-0.077501051,PJ Washington,,CHA,SF/PF/C,64,30.52708333,12.875,1.75,6.53125,2.515625,1.078125,1.234375,0.438953488,10.75,0.744827586,2.265625,1.984375,-0.560427509,0.01080517,0.268618286,-0.485389074,0.235071568,1.076020103,-0.663720492,-0.394243477,-0.184244032
8,85,-0.080005861,Brook Lopez,Injured - back (0g) - 3/24/2022,MIL,C,70,27.16904762,12.27142857,1.357142857,4.957142857,0.714285714,0.585714286,1.471428571,0.503125,9.142857143,0.845070423,2.028571429,0.914285714,-0.66028096,-0.362630176,-0.364920809,-1.279007034,-1.178532679,1.53423601,0.314755529,0.250490984,1.025836387
8,86,-0.083326656,Danny Green,,PHI,SG/SF,69,28.03405797,9.47826087,2.536231884,3.768115942,1.710144928,1.31884058,0.811594203,0.411009174,7.898550725,0.775,0.579710145,0.956521739,-1.122376119,0.758167871,-0.84347466,-0.840260284,0.926113732,0.258800244,-0.811039171,-0.053946481,0.978074964
8,87,-0.087714937,Jarrett Allen,,CLE,C,63,29.58174603,12.79365079,0.095238095,10.03174603,1.682539683,0.492063492,1.444444444,0.618257261,7.650793651,0.703448276,4.603174603,1.587301587,-0.573885732,-1.562149772,1.677481143,-0.852422356,-1.447383774,1.482076676,1.582031116,-1.359957019,0.264775286
8,88,-0.090972628,Andrew Wiggins,,GSW,SG/SF,71,33.3,18.5915493,1.971830986,4.915492958,2.352112676,0.929577465,0.985915493,0.47731569,14.90140845,0.714285714,3.352112676,1.76056338,0.38530509,0.221669431,-0.381683861,-0.557427872,-0.191376153,0.595756939,-0.075597423,-0.884246856,0.068847053
8,89,-0.096639624,Malik Beasley,,MIN,PG/SG,37,32.81081081,19.56756757,3.459459459,4.378378378,2.378378378,0.810810811,0.189189189,0.44,16.21621622,0.85,2.162162162,1.594594595,0.54677528,1.635753567,-0.597859161,-0.545855964,-0.532329429,-0.944285944,-0.987584914,0.299101756,0.256528194
8,90,-0.099814407,Oshae Brissett,,IND,SF/PF,21,24.71984127,10.9047619,1.571428571,5.476190476,0.857142857,0.904761905,0.952380952,0.483443709,7.19047619,0.769230769,3.095238095,0.476190476,-0.88637911,-0.158938169,-0.156017012,-1.216068311,-0.262616238,0.530935895,0.041208175,-0.311698973,1.521244084
8,91,-0.106473212,Enes Freedom,Traded - bos to hou,POR,C,72,24.41134259,11.19444444,0.013888889,11.02777778,1.166666667,0.458333333,0.666666667,0.604278075,7.791666667,0.774390244,2.277777778,1.083333333,-0.838454706,-1.639477293,2.078359224,-1.079701078,-1.544215736,-0.021339397,1.448145943,-0.196249501,0.834673634
8,92,-0.109059428,Marcus Smart,,BOS,PG/SG,48,32.94201389,13.0625,1.9375,3.479166667,5.6875,1.479166667,0.5,0.398039216,10.625,0.790123457,3.375,2,-0.529407946,0.189035676,-0.959769579,0.91204726,1.386375117,-0.343499984,-1.304650636,-0.129751635,-0.201913124
8,93,-0.114952482,Miles Bridges,,CHA,SF/PF,66,29.27121212,12.72727273,1.757575758,6.045454545,2.227272727,0.636363636,0.787878788,0.503215434,9.424242424,0.867256637,1.712121212,1.606060606,-0.584867165,0.018006403,0.073097661,-0.612428741,-1.033129391,0.212959212,0.325006383,0.323221122,0.243562177
8,94,-0.129843968,Derrick White,,SAS,PG/SG,36,29.54305556,15.36111111,2.333333333,2.972222222,3.527777778,0.722222222,1,0.410596026,12.58333333,0.850877193,3.166666667,1.25,-0.149131078,0.565300077,-1.163802148,-0.039463851,-0.786648033,0.622981777,-1.313495601,0.449459829,0.646203314
8,95,-0.135236012,Jakob Poeltl,,SAS,C,69,26.74251208,8.594202899,0,7.956521739,1.942028986,0.68115942,1.782608696,0.614849188,6.246376812,0.508064516,1.797101449,1.217391304,-1.26863261,-1.652679552,0.842254821,-0.738098879,-0.904530421,2.135735839,1.264073661,-1.578324912,0.683077942
8,96,-0.139162012,Joe Harris,Injured - left ankle (0g) - 3/23/2022,BKN,SG/SF,69,31.0326087,14.11594203,3.057971014,3.594202899,1.884057971,0.68115942,0.202898551,0.504950495,10.24637681,0.777777778,0.913043478,0.898550725,-0.35512895,1.254113627,-0.913470348,-0.76363923,-0.904530421,-0.917786248,0.377888662,-0.073535056,1.043629858
9,97,-0.142848823,Ben Simmons,Injured - back soreness/conditioning (0g) - 3/16/2022,PHI,PG,58,32.36896552,14.29310345,0.051724138,7.189655172,6.913793103,1.603448276,0.603448276,0.557461407,10.05172414,0.613240418,4.948275862,2.982758621,-0.325819778,-1.603512516,0.533610042,1.452316514,1.743160632,-0.143538241,1.159053264,-2.787671213,-1.313238112
9,98,-0.145283388,Thomas Bryant,,WAS,C,10,27.085,14.3,0.9,6.1,1.5,0.4,0.8,0.648351648,9.1,0.666666667,2.4,1.1,-0.324678828,-0.797173124,0.095050854,-0.932844058,-1.711678071,0.236389073,2.286138106,-0.974581049,0.815826602
9,99,-0.146895839,De'Andre Hunter,,ATL,SF/PF,23,29.47173913,14.95652174,1.347826087,4.782608696,1.913043478,0.826086957,0.52173913,0.48,10.86956522,0.858823529,3.695652174,1.260869565,-0.216065401,-0.37148635,-0.435166481,-0.750869054,-0.488474932,-0.301479038,-0.00536085,0.612927782,0.633911772
9,100,-0.150225827,Kendrick Nunn,Injured - right knee (0g) - 3/19/2022,MIA,PG/SG,56,29.46875,14.57142857,2.178571429,3.196428571,2.642857143,0.964285714,0.25,0.484802432,11.75,0.933333333,1.071428571,1.428571429,-0.279774318,0.418189184,-1.073564652,-0.429334274,-0.091736305,-0.826740865,0.076573601,0.410084354,0.444270829
9,101,-0.152370912,Victor Oladipo,Injured - ruptured quad (0g) - 3/7/2022,MIA,SG/SF,33,32.72828283,19.75757576,2.363636364,4.848484848,4.575757576,1.424242424,0.424242424,0.407986111,17.45454545,0.753623188,4.181818182,2.515151515,0.578209792,0.594105008,-0.408652963,0.422245721,1.228699542,-0.489936615,-1.898883701,-0.612667242,-0.784457748
9,102,-0.154086502,Mason Plumlee,,DET,PF/C,56,26.76190476,10.375,0,9.267857143,3.607142857,0.767857143,0.892857143,0.615789474,6.785714286,0.668639053,3.017857143,1.875,-0.974021686,-1.652679552,1.370034806,-0.004497894,-0.655640084,0.415878543,1.38075579,-1.206048053,-0.060560384
9,103,-0.155087201,Collin Sexton,Out for season - left knee (0g) - 7/10/2022,CLE,PG/SG,60,35.25361111,24.33333333,1.633333333,3.116666667,4.366666667,1.05,0.166666667,0.475113122,18.41666667,0.81462141,6.383333333,2.783333333,1.335212467,-0.100093812,-1.105666841,0.330126317,0.154330799,-0.987821159,-0.159412625,0.225263674,-1.087723626
9,104,-0.168115964,Jusuf Nurkic,Injured - left foot plantar fasciitis (0g) - 4/1/2022,POR,C,37,23.78693694,11.45945946,0.324324324,8.972972973,3.378378378,1.027027027,1.081081081,0.513513514,9,0.619469027,3.054054054,1.972972973,-0.794611239,-1.344388947,1.251351239,-0.105284903,0.088380382,0.779708549,0.449763356,-1.666611745,-0.171350369
9,105,-0.170754534,Jordan Clarkson,,UTA,PG/SG,68,26.72916667,18.39705882,3.058823529,4.014705882,2.470588235,0.897058824,0.147058824,0.425116279,15.80882353,0.895833333,2.117647059,1.691176471,0.35312904,1.254923996,-0.744228323,-0.505230969,-0.284730111,-1.025722404,-1.313429066,0.581185741,0.147311292
9,106,-0.175910388,Jeremy Lamb,,IND,SG/SF,36,21.25740741,10.08333333,1.444444444,3.611111111,1.472222222,0.944444444,0.666666667,0.434782609,7.666666667,0.946666667,2.083333333,0.611111111,-1.02227434,-0.279644543,-0.906665212,-0.945082143,-0.148696282,-0.021339397,-0.51448167,0.886317222,1.368672873
9,107,-0.176982643,Thaddeus Young,,CHI,PF/C,68,24.29779412,12.10294118,0.176470588,6.191176471,4.279411765,1.088235294,0.588235294,0.558069382,9.75,0.628318584,1.661764706,2,-0.688155122,-1.484933194,0.131747122,0.291684332,0.264096027,-0.172944379,1.133801356,-0.866226808,-0.201913124
9,108,-0.177540401,Nicolas Batum,,LAC,SF/PF,67,27.38432836,8.059701493,1.641791045,4.71641791,2.208955224,1.029850746,0.552238806,0.463592233,6.149253731,0.827586207,0.865671642,0.791044776,-1.357059278,-0.092054227,-0.461806631,-0.620498903,0.096486667,-0.242524278,-0.143647196,0.058040295,1.165199941
10,109,-0.179979259,Brandon Clarke,,MEM,SF/PF,59,23.9799435,10.33898305,0.338983051,5.559322034,1.610169492,1.033898305,0.847457627,0.518218623,8.372881356,0.690265487,1.915254237,0.559322034,-0.979980246,-1.330454909,-0.122558621,-0.884306568,0.108106329,0.328122935,0.478834885,-0.644814236,1.427237096
10,110,-0.185694739,Joe Ingles,Out for season - torn left acl (0g) - 7/10/2022,UTA,SG/SF,67,27.85870647,12.07462687,2.731343284,3.641791045,4.76119403,0.671641791,0.179104478,0.489323843,8.388059701,0.844444444,1.343283582,1.746268657,-0.692839376,0.94363349,-0.894317299,0.503943656,-0.931853468,-0.963779324,0.117863929,0.161083904,0.08501184
10,111,-0.185949687,Bobby Portis,,MIL,PF/C,66,20.79217172,11.42424242,1.121212121,7.075757576,1.075757576,0.787878788,0.409090909,0.522537563,9.075757576,0.739726027,1.106060606,0.848484848,-0.800437463,-0.586897133,0.487769084,-1.119752993,-0.598162288,-0.519223941,0.575611063,-0.212698958,1.100245448
10,112,-0.186873391,D'Angelo Russell,,MIN,PG/SG,42,28.48253968,18.95238095,2.857142857,2.642857143,5.833333333,1.047619048,0.428571429,0.430981595,15.52380952,0.765100671,3.547619048,2.69047619,0.445000239,1.063213872,-1.296363426,0.976297206,0.147495602,-0.481568807,-1.153417423,-0.399799049,-0.982718734
10,113,-0.19268428,Andre Drummond,Probable - left knee,LAL,C,46,26.9923913,14.93478261,0,12,2.043478261,1.369565217,1.065217391,0.492146597,12.45652174,0.6,4.456521739,2.695652174,-0.219661872,-1.652679552,2.469654562,-0.693403264,1.071733153,0.749044616,0.216353838,-2.686628153,-0.988571849
10,114,-0.199144409,Dorian Finney-Smith,,DAL,SF/PF,60,32.00861111,9.833333333,1.983333333,5.433333333,1.7,0.866666667,0.4,0.472103004,7.766666667,0.756097561,0.683333333,0.8,-1.063633757,0.232603133,-0.17326595,-0.844729846,-0.371979395,-0.536796337,-0.088814094,-0.100756613,1.155073177
10,115,-0.202711353,Kevin Huerter,,ATL,SG/SF,69,30.81086957,11.91304348,2.028985507,3.347826087,3.492753623,1.188405797,0.260869565,0.432284542,10.5942029,0.78125,0.927536232,1.144927536,-0.719571355,0.275998387,-1.012630906,-0.05489448,0.551663791,-0.805730392,-0.759233118,-0.065025667,0.765021559
10,116,-0.213064093,Jae'Sean Tate,Questionable - ankle soreness,HOU,SG/SF/PF,70,29.18166667,11.34285714,0.857142857,5.342857143,2.542857143,1.214285714,0.514285714,0.504792332,8.942857143,0.693877551,2.1,1.414285714,-0.813901654,-0.837911525,-0.209680373,-0.47339138,0.625959415,-0.31588622,0.330631623,-0.683822152,0.460425428
10,117,-0.214936048,Justin Holiday,,IND,SG/SF,72,30.32430556,10.5,2.402777778,3.555555556,1.666666667,1.027777778,0.569444444,0.413461538,8.666666667,0.788235294,1.180555556,0.75,-0.953341977,0.631311376,-0.929024945,-0.859415548,0.090535624,-0.209266406,-0.860422975,-0.056413855,1.211614273
10,118,-0.215331266,LaMarcus Aldridge,,FA,PF/C,26,25.93974359,13.53846154,1.192307692,4.538461538,1.884615385,0.423076923,1.115384615,0.472972973,11.38461538,0.872340426,1.807692308,1.038461538,-0.450665978,-0.519316335,-0.533429658,-0.76339365,-1.645429235,0.84601603,-0.126124874,0.368946668,0.885415643
10,119,-0.221061582,Anthony Edwards,Questionable - left patella tendinopathy,MIN,SG/SF,72,32.1412037,19.33333333,2.375,4.666666667,2.930555556,1.138888889,0.486111111,0.417700579,16.79166667,0.775735294,3.777777778,2.236111111,0.508024114,0.604906856,-0.481830273,-0.302582679,0.409511499,-0.3703467,-1.58239577,-0.305928541,-0.468912743
10,120,-0.224372984,Devonte' Graham,,CHA,PG/SG,55,30.1569697,14.78181818,3.236363636,2.690909091,5.363636364,0.872727273,0.109090909,0.375748503,12.14545455,0.841772152,2.872727273,1.527272727,-0.244967951,1.423686999,-1.277023708,0.769362314,-0.354580711,-1.099112998,-1.898773231,0.329395196,0.332657237
11,121,-0.226236098,Kelly Oubre,,GSW,SG/SF/PF,55,30.68151515,15.43636364,1.636363636,5.981818182,1.327272727,1.072727273,0.763636364,0.439226519,13.16363636,0.694915254,3.218181818,1.272727273,-0.136681475,-0.097213319,0.047485602,-1.008942696,0.219575864,0.16609949,-0.812545187,-1.03440598,0.620502816
11,122,-0.229046189,Ricky Rubio,Out for season - torn left acl (0g) - 7/10/2022,MIN,PG,68,26.05196078,8.558823529,0.970588235,3.279411765,6.352941176,1.455882353,0.058823529,0.387550201,7.323529412,0.866666667,2.205882353,1.602941176,-1.27448569,-0.73007458,-1.040165974,1.205221385,1.319530908,-1.196278009,-1.006775565,0.41452213,0.247089696
11,123,-0.22927296,Darius Garland,,CLE,PG,54,33.14660494,17.42592593,1.944444444,2.388888889,6.092592593,1.222222222,0.111111111,0.451371571,14.85185185,0.848484848,2.444444444,3.037037037,0.192467075,0.195636806,-1.398579351,1.090519333,0.648743406,-1.095208021,-0.650449625,0.328031069,-1.374617335
11,124,-0.230898733,Derrick Rose,Injured - right ankle (0g) - 3/16/2022,NYK,PG/SG,50,25.57766667,14.68,1,2.6,4.18,0.98,0.38,0.469721768,12.22,0.866141732,2.54,1.56,-0.261812514,-0.702116854,-1.313612363,0.247886386,-0.046624002,-0.575455607,-0.196374998,0.474372832,0.29564852
11,125,-0.235924669,Serge Ibaka,,LAC,PF/C,41,23.28699187,11.07317073,0.951219512,6.707317073,1.804878049,0.219512195,1.146341463,0.509589041,8.902439024,0.811320755,1.292682927,1.073170732,-0.858517946,-0.748485766,0.339480917,-0.798523612,-2.22981937,0.905854488,0.392984959,0.027538582,0.846165727
11,126,-0.247688262,Donte DiVincenzo,,MIL,PG/SG,66,27.49166667,10.42424242,1.984848485,5.757575758,3.075757576,1.090909091,0.227272727,0.419568823,9.136363636,0.718309859,1.075757576,1.393939394,-0.965875134,0.234043379,-0.042766413,-0.238610871,0.271771917,-0.870671854,-0.825009333,-0.275509539,0.483433493
11,127,-0.249001528,Danilo Gallinari,,ATL,SF/PF,51,23.95947712,13.25490196,2.019607843,4.196078431,1.490196078,0.588235294,0.196078431,0.433684211,9.31372549,0.925287356,3.411764706,0.843137255,-0.497577414,0.267084329,-0.67123037,-0.937163382,-1.171295412,-0.93096929,-0.645225976,1.23907114,1.106292624
11,128,-0.250342922,Trevor Ariza,,MIA,SG/SF,30,28.03166667,9.4,1.666666667,4.8,1.833333333,1,0.6,0.410788382,8.033333333,0.772727273,1.466666667,0.7,-1.135323415,-0.068408388,-0.428166913,-0.785987038,0.010791655,-0.150203632,-0.827919399,-0.136024538,1.268155369
11,129,-0.256176278,Terrence Ross,,ORL,SG/SF,46,29.27282609,15.58695652,1.934782609,3.456521739,2.369565217,1.02173913,0.456521739,0.412337662,13.39130435,0.869565217,3,1.586956522,-0.111767739,0.186452625,-0.968883601,-0.549738787,0.073199979,-0.427541877,-1.364497839,0.592025246,0.265165494
11,130,-0.256252403,Royce O'Neale,,UTA,SF/PF,71,31.557277,6.985915493,1.507042254,6.830985915,2.535211268,0.802816901,0.450704225,0.444162437,5.549295775,0.847826087,0.647887324,1.169014085,-1.534703932,-0.220141401,0.38925456,-0.476759931,-0.555278208,-0.438786919,-0.288336058,0.080696301,0.737783963
11,131,-0.258597814,Duncan Robinson,,MIA,SG/SF,72,31.41226852,13.08333333,3.472222222,3.472222222,1.763888889,0.597222222,0.277777778,0.439330544,9.958333333,0.826666667,1.041666667,1.125,-0.525961328,1.647885373,-0.962564546,-0.81658225,-1.145495892,-0.773047434,-0.607541639,0.06837134,0.787556054
11,132,-0.260057253,Montrezl Harrell,,LAL,PF/C,69,22.90386473,13.49275362,0,6.173913043,1.057971014,0.666666667,0.710144928,0.621890547,8.739130435,0.70703125,3.710144928,1.057971014,-0.458227789,-1.652679552,0.124799021,-1.127589237,-0.94613597,0.062702495,1.851200043,-1.057938191,0.8633539
12,133,-0.262953179,Matisse Thybulle,,PHI,SG/SF,65,19.96615385,3.923076923,0.661538462,1.907692308,0.969230769,1.615384615,1.092307692,0.419753086,3.738461538,0.444444444,0.276923077,0.492307692,-2.041412811,-1.023845767,-1.592249044,-1.166685621,1.777427272,0.801409179,-0.322953014,-0.301287192,1.503018383
12,134,-0.263587281,Louis King,Note - waived by sac,SAC,PF,6,14.21388889,7.333333333,0.666666667,3,1.5,1.166666667,0.5,0.5,5.666666667,1,1,0.666666667,-1.477227934,-1.018971087,-1.152622281,-0.932844058,0.489255468,-0.343499984,0.177400941,0.580373975,1.305849433
12,135,-0.267633792,Josh Hart,,NOR,SG/SF,47,28.71205674,9.234042553,1.340425532,8.042553191,2.319148936,0.787234043,0.255319149,0.440233236,7.29787234,0.775280899,1.893617021,1.085106383,-1.162779028,-0.378521042,0.876880347,-0.571950742,-0.600013212,-0.816459144,-0.429247732,-0.159282206,0.83266863
12,136,-0.27012267,Dennis Schroder,Questionable - right ankle,LAL,PG,61,32.06967213,15.44262295,1.163934426,3.459016393,5.770491803,1.147540984,0.196721311,0.436842105,12.45901639,0.848360656,4,2.672131148,-0.135645949,-0.546286903,-0.967879564,0.948611047,0.434349785,-0.929726627,-0.812164829,0.539612769,-0.961973757
12,137,-0.272552176,De'Anthony Melton,,MEM,PG/SG,52,20.10032051,9.076923077,1.673076923,3.096153846,2.538461538,1.134615385,0.596153846,0.437659033,7.557692308,0.803921569,0.980769231,1.269230769,-1.188772508,-0.062315038,-1.113922742,-0.475327956,0.397243196,-0.157638107,-0.474390725,-0.002302439,0.624456739
12,138,-0.276318151,Josh Richardson,,DAL,SG/SF,59,30.3319209,12.11864407,1.491525424,3.305084746,2.593220339,1.033898305,0.406779661,0.427184466,10.47457627,0.916666667,1.830508475,1.338983051,-0.685557273,-0.234891121,-1.029833236,-0.451202813,0.108106329,-0.523691499,-0.830144053,0.614770972,0.54557933
12,139,-0.278334942,Jae Crowder,,PHO,SF/PF,60,27.47222222,10.05,2.466666667,4.683333333,2.116666667,0.816666667,0.433333333,0.404471545,8.2,0.76,1.25,0.9,-1.027788929,0.692041771,-0.475122353,-0.66115857,-0.515518539,-0.472364219,-0.9228948,-0.164199825,1.041990985
12,140,-0.281523598,Isaiah Stewart,,DET,PF/C,68,21.39387255,7.897058824,0.308823529,6.676470588,0.867647059,0.558823529,1.294117647,0.551219512,6.029411765,0.695652174,1.352941176,0.985294118,-1.383966502,-1.359123425,0.327065972,-1.211440464,-1.255730202,1.19150046,0.648276961,-0.435833713,0.945538528
12,141,-0.281787661,Lauri Markkanen,,CHI,PF/C,51,25.83169935,13.62745098,2.333333333,5.254901961,0.882352941,0.470588235,0.294117647,0.480769231,10.19607843,0.826086957,1.803921569,1.019607843,-0.435943772,0.565300077,-0.245080153,-1.204961478,-1.509034573,-0.741463063,0.008105361,0.120252836,0.906735815
12,142,-0.283653616,Reggie Bullock,,NYK,SG/SF,65,29.98871795,10.90769231,2.507692308,3.430769231,1.523076923,0.8,0.169230769,0.442067736,8.630769231,0.909090909,0.846153846,0.692307692,-0.885894311,0.731039215,-0.979248347,-0.922677033,-0.56336492,-0.982864842,-0.488215793,0.261489489,1.276853999
12,143,-0.299356136,Seth Curry,,PHI,PG/SG,57,28.74385965,12.47368421,2.210526316,2.403508772,2.719298246,0.771929825,0.140350877,0.467391304,9.684210526,0.896103896,1.350877193,1.140350877,-0.626820258,0.448564307,-1.392695211,-0.395656536,-0.643948299,-1.03868862,-0.184537439,0.369379887,0.770196946
12,144,-0.301019549,Marcus Morris,,LAC,PF/C,57,26.3497076,13.42105263,2.456140351,4.087719298,1.01754386,0.596491228,0.263157895,0.47260274,10.24561404,0.820224719,1.561403509,1,-0.470089834,0.682035847,-0.714842234,-1.145400272,-1.147594418,-0.801307135,-0.116865773,0.07597908,0.928908794
13,145,-0.307239598,Tim Hardaway Jr.,Injured - foot fracture (0g) - 4/10/2022,DAL,SG/SF,70,28.35952381,16.61428571,2.957142857,3.271428571,1.785714286,0.442857143,0.157142857,0.4467618,13.01428571,0.816091954,2.485714286,0.914285714,0.058191209,1.158270142,-1.043379011,-0.806966612,-1.588644519,-1.006230335,-0.656677575,0.094443933,1.025836387
13,146,-0.308224327,Dillon Brooks,Injured - left ankle (0g) - 3/8/2022,MEM,SG/SF,67,29.80074627,17.17910448,1.910447761,2.910447761,2.343283582,1.164179104,0.388059701,0.419010669,15.3880597,0.815384615,2.910447761,1.776119403,0.15163351,0.163320827,-1.188664837,-0.561317715,0.482114217,-0.559876498,-1.418106678,0.105622271,0.051255962
13,147,-0.309008598,Ivica Zubac,,LAC,C,72,22.34189815,9.027777778,0.013888889,7.208333333,1.25,0.333333333,0.861111111,0.652284264,5.472222222,0.789473684,2.375,1.125,-1.196902992,-1.639477293,0.541127539,-1.042986823,-1.903063596,0.354514621,1.416054083,-0.097898977,0.787556054
13,148,-0.30969232,Alec Burks,,NYK,SG/SF,49,25.60238095,12.71428571,2.081632653,4.632653061,2.183673469,0.632653061,0.285714286,0.420841683,10.18367347,0.855932203,2.408163265,1,-0.587015706,0.3260428,-0.495519906,-0.631637312,-1.043781646,-0.757706454,-0.902870114,0.376348666,0.928908794
13,149,-0.310894591,Kevin Love,,CLE,PF/C,25,24.88866667,12.2,2.28,7.44,2.52,0.64,0.08,0.408730159,10.08,0.823529412,2.04,1.52,-0.672097937,0.5146034,0.634367628,-0.483461576,-1.02269018,-1.155344664,-1.075684231,0.121374843,0.340881396
13,150,-0.311638938,Daniel Theis,,CHI,PF/C,65,24.62487179,9.646153846,0.753846154,5.476923077,1.661538462,0.630769231,0.876923077,0.540772532,7.169230769,0.672727273,1.692307692,1.015384615,-1.094600296,-0.936101518,-0.155722159,-0.861674887,-1.049189715,0.385078574,0.654676171,-0.658728146,0.911511533
13,151,-0.31327248,Wendell Carter Jr.,,ORL,C,54,25.46944444,11.22222222,0.277777778,8.185185185,1.925925926,0.648148148,0.777777778,0.503282276,8.462962963,0.731843575,3.314814815,1.444444444,-0.833859215,-1.388634358,0.934286188,-0.745193421,-0.999298616,0.193434328,0.295047871,-0.701556368,0.426321275
13,152,-0.314110617,Gary Trent,,TOR,SG/SF,58,31.06695402,15.31034483,2.844827586,2.620689655,1.379310345,0.965517241,0.172413793,0.407643312,13.53448276,0.783018868,1.827586207,0.74137931,-0.157529734,1.051507435,-1.30528529,-0.986016427,-0.088200858,-0.976712173,-1.474175201,-0.111946041,1.221362738
13,153,-0.315238168,Taj Gibson,,NYK,PF/C,45,20.79333333,5.355555556,0.066666667,5.555555556,0.8,0.688888889,1.088888889,0.626582278,3.511111111,0.727272727,1.222222222,0.488888889,-1.804426882,-1.589308706,-0.124074536,-1.241243801,-0.882340795,0.794800757,0.782115581,-0.279549574,1.506884441
13,154,-0.319520576,Carmelo Anthony,,POR,SF/PF,69,24.47536232,13.42028986,1.927536232,3.101449275,1.507246377,0.666666667,0.550724638,0.420849421,11.26086957,0.891025641,2.260869565,0.884057971,-0.470216026,0.17956449,-1.111791463,-0.929651514,-0.94613597,-0.24545111,-1.000677617,0.588655448,1.060018581
13,155,-0.320085962,Bojan Bogdanovic,,UTA,SF/PF,72,30.77199074,17.01388889,2.5,3.916666667,1.888888889,0.625,0.055555556,0.438918919,12.84722222,0.879245283,3.680555556,1.777777778,0.124300628,0.723727194,-0.783686677,-0.761510868,-1.065751923,-1.202594884,-0.79835977,0.833722003,0.049380635
13,156,-0.323306195,Saddiq Bey,,DET,SF,70,27.27119048,12.24285714,2.5,4.557142857,1.357142857,0.742857143,0.2,0.403179191,9.885714286,0.843537415,2.1,0.857142857,-0.665007751,0.723727194,-0.525910891,-0.995782781,-0.727409656,-0.923389041,-1.136421978,0.249984368,1.090454782
14,157,-0.325111797,Grayson Allen,,MEM,SG/SF,50,25.18933333,10.64,2.14,3.2,2.16,0.92,0.16,0.417874396,8.28,0.868131868,1.82,0.96,-0.930180703,0.381524622,-1.07212724,-0.642067158,-0.218870975,-1.000707582,-0.766465422,0.348746618,0.97414167
14,158,-0.328141346,Kenyon Martin Jr.,,HOU,SF,45,23.72555556,9.311111111,0.777777778,5.377777778,1.066666667,0.666666667,0.911111111,0.509433962,7.066666667,0.714285714,1.866666667,0.844444444,-1.150028985,-0.913353009,-0.195625683,-1.123758184,-0.94613597,0.451162797,0.315058393,-0.4954059,1.104814425
14,159,-0.329047461,Cameron Oliver,,HOU,SF,4,21.84583333,10.75,1,5.25,1.25,0.5,1,0.575757576,8.25,0.25,1,0.75,-0.911982559,-0.702116854,-0.24705307,-1.042986823,-1.424599783,0.622981777,1.180743837,-1.648027948,1.211614273
14,160,-0.331179693,Tyler Herro,,MIA,PG/SG/SF,54,30.28055556,15.09259259,1.981481481,4.944444444,3.407407407,0.648148148,0.314814815,0.439198856,12.94444444,0.803418803,2.166666667,1.87037037,-0.193554156,0.230842832,-0.370031605,-0.092495553,-0.999298616,-0.701456192,-0.799166479,-0.000132373,-0.055325098
14,161,-0.334035735,Bruce Brown,,BKN,SG,65,22.32564103,8.815384615,0.261538462,5.369230769,1.6,0.892307692,0.430769231,0.555555556,6.507692308,0.735042735,1.8,0.830769231,-1.232040822,-1.404070847,-0.199065642,-0.888786952,-0.298369578,-0.477320536,0.739996893,-0.366942793,1.120278657
14,162,-0.339663442,Justin Patton,,FA,C,13,18.98205128,5.384615385,0.692307692,3.769230769,1.076923077,0.923076923,1.076923077,0.414285714,5.384615385,0.75,0.307692308,0.307692308,-1.799619292,-0.994597684,-0.84302597,-1.119239507,-0.210037797,0.771671279,-0.519240457,-0.05466706,1.711785506
14,163,-0.340012093,Maxi Kleber,,DAL,PF/C,50,26.816,7.06,1.74,5.2,1.36,0.48,0.7,0.421818182,5.5,0.918918919,0.74,0.6,-1.522447564,0.001299543,-0.267176831,-0.994524006,-1.482015441,0.04309272,-0.469018191,0.249443373,1.381237561
14,164,-0.341119069,Rudy Gay,,SAS,SF/PF,63,21.5494709,11.36507937,1.682539683,4.793650794,1.396825397,0.746031746,0.634920635,0.420382166,9.968253968,0.803921569,1.619047619,1.031746032,-0.810225262,-0.053320091,-0.430722311,-0.978299802,-0.718296059,-0.082703319,-0.890122026,0.00060756,0.893009685
14,165,-0.347069475,Paul Millsap,,DEN,PF/C,56,20.75505952,8.964285714,0.875,4.678571429,1.75,0.892857143,0.625,0.476309227,7.160714286,0.724489796,1.75,0.892857143,-1.207406971,-0.820937191,-0.477038902,-0.822701293,-0.296792224,-0.101879544,-0.035128224,-0.411809211,1.050068285
14,166,-0.352477012,Coby White,,CHI,PG/SG,69,31.2442029,15.08695652,2.362318841,4.101449275,4.753623188,0.536231884,0.231884058,0.415742794,13.07246377,0.901408451,2.057971014,2.275362319,-0.194486575,0.592852619,-0.709316259,0.500608162,-1.320585911,-0.86175832,-1.265014674,0.598706715,-0.513298869
14,167,-0.352740596,Will Barton,,DEN,SG/SF,56,30.99613095,12.69642857,1.75,4.035714286,3.232142857,0.892857143,0.410714286,0.425986842,10.85714286,0.785123967,2.160714286,1.714285714,-0.58996995,0.01080517,-0.735772962,-0.169712042,-0.296792224,-0.516086013,-0.880714195,-0.117602002,0.121178852
14,168,-0.353971358,Kentavious Caldwell-Pope,,LAL,PG/SG,67,28.38955224,9.746268657,1.791044776,2.671641791,1.895522388,0.910447761,0.388059701,0.432539683,7.52238806,0.866071429,1.671641791,1.014925373,-1.078037535,0.049820803,-1.284778319,-0.75858834,-0.246293378,-0.559876498,-0.529552232,0.309532422,0.912030855
15,169,-0.355107945,John Wall,,HOU,PG,40,32.2025,20.575,1.975,3.225,6.875,1.05,0.775,0.404137931,18.125,0.748815166,5.275,3.525,0.713442555,0.224681777,-1.06206536,1.435225395,0.154330799,0.188064985,-2.076822859,-0.846412251,-1.926416549
15,170,-0.355632475,Moses Brown,Note - released by dal,OKC,C,43,21.40155039,8.604651163,0,8.930232558,0.23255814,0.720930233,1.11627907,0.542750929,6.255813953,0.619047619,2.930232558,1,-1.266904073,-1.652679552,1.234149282,-1.491242263,-0.790357054,0.847744978,0.592672931,-1.602985312,0.928908794
15,171,-0.356410876,Chuma Okeke,,ORL,PF,45,25.16814815,7.755555556,1.088888889,4.022222222,2.244444444,1.066666667,0.511111111,0.416666667,7.2,0.75,0.888888889,0.844444444,-1.407376473,-0.617622392,-0.741203183,-0.604863379,0.20217718,-0.322022612,-0.676469539,-0.145131914,1.104814425
15,172,-0.358301,Davis Bertans,,WAS,PF/C,57,25.67953216,11.49122807,2.964912281,2.964912281,0.859649123,0.578947368,0.228070175,0.40376569,8.385964912,0.869565217,2.01754386,0.578947368,-0.789355514,1.165655466,-1.166744218,-1.214964123,-1.19795903,-0.869130416,-0.953182782,0.395927279,1.405044338
15,173,-0.367194453,R.J. Barrett,,NYK,SG/SF,72,34.87268519,17.55555556,1.722222222,5.75,3.013888889,0.736111111,0.277777778,0.440982059,14.70833333,0.746376812,3.833333333,1.958333333,0.213912699,-0.015599349,-0.045815468,-0.265868424,-0.746776048,-0.773047434,-0.872050972,-0.644709535,-0.154795544
15,174,-0.369230281,Naz Reid,,MIN,C,70,19.23904762,11.2,0.871428571,4.614285714,1.028571429,0.485714286,1.071428571,0.5232358,8.3,0.692771084,2.371428571,1,-0.837535607,-0.824332058,-0.502912308,-1.140541844,-1.465610967,0.7610506,0.537028812,-0.779127949,0.928908794
15,175,-0.369723493,Raul Neto,,WAS,PG,64,21.9234375,8.703125,1,2.4375,2.28125,1.140625,0.09375,0.467561521,6.984375,0.882352941,1.328125,0.828125,-1.250612791,-0.702116854,-1.379014584,-0.588647916,0.414495497,-1.128766416,-0.124898653,0.308781471,1.123268811
15,176,-0.376122688,David Nwaba,,HOU,SG/SF,30,22.61944444,9.2,0.566666667,3.933333333,1.033333333,1,0.7,0.488479263,7.233333333,0.691176471,2.266666667,0.566666667,-1.168410949,-1.114027357,-0.776978757,-1.138443886,0.010791655,0.04309272,0.095687936,-0.755747177,1.418931625
15,177,-0.379342035,Eric Gordon,Questionable,HOU,SG/SF,27,29.2117284,17.81481481,2.555555556,2.148148148,2.62962963,0.518518519,0.481481481,0.433242507,13.59259259,0.824561404,4.222222222,1.888888889,0.256803947,0.776536233,-1.49547153,-0.435161933,-1.371437137,-0.379295605,-0.961190168,0.271404121,-0.076266244
15,178,-0.382655299,Kyle Kuzma,,LAL,SF/PF,68,28.73946078,12.85294118,2.014705882,6.176470588,1.867647059,0.5,0.602941176,0.442536328,11.13235294,0.690721649,1.426470588,1.661764706,-0.564076869,0.262424708,0.125828369,-0.770869403,-1.424599783,-0.144518445,-0.628607644,-0.480049385,0.18057076
15,179,-0.382900731,Patrick Beverley,,LAC,PG/SG,37,22.4990991,7.513513514,1.513513514,3.216216216,2.054054054,0.756756757,0.756756757,0.422727273,5.945945946,0.8,1.216216216,0.918918919,-1.447419345,-0.213990063,-1.065600615,-0.688743875,-0.687506882,0.152801461,-0.500844234,-0.015400081,1.020597057
15,180,-0.390466758,Juan Toscano-Anderson,,GSW,SF/PF,53,20.89528302,5.679245283,0.698113208,4.396226415,2.830188679,0.773584906,0.490566038,0.578947368,3.943396226,0.709677419,0.58490566,1.169811321,-1.750876408,-0.989079178,-0.590675769,-0.34680142,-0.639196921,-0.361735489,0.595173552,-0.167891617,0.73688243
16,181,-0.393263012,Daniel Gafford,,WAS,C,54,14.65493827,7.037037037,0,4.277777778,0.537037037,0.5,1.388888889,0.6875,4.148148148,0.666666667,2,0.759259259,-1.526246503,-1.652679552,-0.638348408,-1.357097672,-1.424599783,1.374689814,1.297051154,-0.813279858,1.2011437
16,182,-0.393876896,Jeff Green,,BKN,SF/PF/C,68,26.98676471,11.02941176,1.514705882,3.852941176,1.588235294,0.529411765,0.397058824,0.49245283,7.794117647,0.776397516,2.367647059,0.794117647,-0.865757328,-0.212856641,-0.809334607,-0.893970141,-1.340164992,-0.542481524,0.147552648,-0.189604552,1.161725071
16,183,-0.395276094,Jalen Brunson,,DAL,PG/SG,68,24.95980392,12.60294118,1.191176471,3.411764706,3.514705882,0.514705882,0.014705882,0.523125997,9.220588235,0.794701987,2.220588235,1.176470588,-0.605436287,-0.520391632,-0.986897197,-0.04522295,-1.382382388,-1.281555812,0.592528486,-0.057479051,0.729351985
16,184,-0.39807477,Sterling Brown,,HOU,SG/SF,51,24.09150327,8.156862745,1.784313725,4.392156863,1.411764706,0.745098039,0.235294118,0.449101796,6.549019608,0.806451613,0.607843137,0.803921569,-1.340985146,0.043422517,-0.592313663,-0.971717975,-0.720976529,-0.855166799,-0.29614058,0.000566663,1.150638581
16,185,-0.40624987,Facundo Campazzo,,DEN,PG,65,21.91923077,6.092307692,1.169230769,2.030769231,3.569230769,1.215384615,0.215384615,0.380952381,4.846153846,0.879120879,1.4,1.123076923,-1.682540325,-0.541252397,-1.542713634,-0.021200862,0.629114121,-0.893651141,-0.706149537,0.31241423,0.789730712
16,186,-0.407766184,Doug McDermott,Questionable - right knee soreness,IND,SF/PF,66,24.53232323,13.62121212,1.681818182,3.333333333,1.287878788,0.303030303,0.090909091,0.532330827,10.07575758,0.816326531,1.484848485,0.803030303,-0.436975914,-0.054005923,-1.01846388,-1.026298525,-1.990057016,-1.134257789,0.783793188,0.054723761,1.151646444
16,187,-0.409556316,Rui Hachimura,,WAS,SF/PF,57,31.52982456,13.84210526,0.789473684,5.473684211,1.438596491,0.789473684,0.122807018,0.478395062,11.36842105,0.770186335,2.824561404,1.192982456,-0.400431867,-0.902235317,-0.157025722,-0.959896667,-0.593583687,-1.072600261,-0.033899308,-0.277014021,0.710680003
16,188,-0.410156423,Derrick Favors,Questionable - low back soreness,UTA,PF/C,68,15.28186275,5.426470588,0,5.529411765,0.647058824,0.470588235,1,0.637860082,3.573529412,0.7375,1.176470588,0.529411765,-1.792694865,-1.652679552,-0.134596763,-1.308625257,-1.509034573,0.622981777,0.8557701,-0.233588956,1.461060284
